{"train_loss": 0.5512632131576538, "train_average_accuracy": 0.6732770467363618, "train_accuracy_pixelclass_0": 0.8035927621909476, "train_accuracy_pixelclass_1": 0.5341388324755739, "train_accuracy_pixelclass_2": 0.533923707402388, "train_accuracy_pixelclass_3": 0.6294221153391335, "train_accuracy_pixelclass_4": 0.6285026936254967, "train_accuracy_pixelclass_5": 0.6519932835590849, "train_accuracy_pixelclass_6": 0.6686112600359682, "train_accuracy_pixelclass_7": 0.936031719262302, "_timestamp": 1692067565.0745053, "validation_loss": 1.3256003856658936, "validation_average_accuracy": 0.42819030895622273, "validation_accuracy_pixelclass_0": 0.4165881617101501, "validation_accuracy_pixelclass_1": 0.4900419546962113, "validation_accuracy_pixelclass_2": 0.0982739000285434, "validation_accuracy_pixelclass_3": 0.14120678330586525, "validation_accuracy_pixelclass_4": 0.4982013245109666, "validation_accuracy_pixelclass_5": 0.6283482855914242, "validation_accuracy_pixelclass_6": 0.1994882687551171, "validation_accuracy_pixelclass_7": 0.9533737930515034, "_runtime": 77183.36813235283, "_step": 15, "_wandb": {"runtime": 77183}}