{"train_loss": 1.48121976852417, "train_average_accuracy": 0.4183969425284984, "train_accuracy_pixelclass_0": 0.3574835281083556, "train_accuracy_pixelclass_1": 0.17969571836996673, "train_accuracy_pixelclass_2": 0.2750499573761585, "train_accuracy_pixelclass_3": 0.47871914864848536, "train_accuracy_pixelclass_4": 0.36643419588199305, "train_accuracy_pixelclass_5": 0.43538341692839627, "train_accuracy_pixelclass_6": 0.505956707648987, "train_accuracy_pixelclass_7": 0.7484528672656446, "_timestamp": 1690344533.0742164, "validation_loss": 1.4050334692001343, "validation_average_accuracy": 0.35214125260802576, "validation_accuracy_pixelclass_0": 0.24143867250608617, "validation_accuracy_pixelclass_1": 0.2735051728055752, "validation_accuracy_pixelclass_2": 0.013153091782402145, "validation_accuracy_pixelclass_3": 0.15691891835913724, "validation_accuracy_pixelclass_4": 0.5420425146047767, "validation_accuracy_pixelclass_5": 0.5286236496206501, "validation_accuracy_pixelclass_6": 0.16913213391388673, "validation_accuracy_pixelclass_7": 0.8923158672716918, "_runtime": 6666.442201375961, "_step": 1, "_wandb": {"runtime": 6747}}