{"train_loss": 0.8355187177658081, "train_average_accuracy": 0.5871593060734746, "train_accuracy_pixelclass_0": 0.5873313848382475, "train_accuracy_pixelclass_1": 0.48172580318086067, "train_accuracy_pixelclass_2": 0.4648082258524333, "train_accuracy_pixelclass_3": 0.5271180608430828, "train_accuracy_pixelclass_4": 0.5049081834864422, "train_accuracy_pixelclass_5": 0.6013261044560558, "train_accuracy_pixelclass_6": 0.6334596793151038, "train_accuracy_pixelclass_7": 0.8965970066155704, "_timestamp": 1692292069.1281025, "validation_loss": 1.321144461631775, "validation_average_accuracy": 0.3742862655401772, "validation_accuracy_pixelclass_0": 0.23603523331920134, "validation_accuracy_pixelclass_1": 0.21140349790765053, "validation_accuracy_pixelclass_2": 0.002763341517279984, "validation_accuracy_pixelclass_3": 0.16121211685946465, "validation_accuracy_pixelclass_4": 0.6893100970334595, "validation_accuracy_pixelclass_5": 0.6669462854489008, "validation_accuracy_pixelclass_6": 0.12353734140014508, "validation_accuracy_pixelclass_7": 0.903082210835316, "_runtime": 16852.064759492874, "_step": 3, "_wandb": {"runtime": 16851}}