{"train_loss": 0.9863337874412537, "train_average_accuracy": 0.5498829791973265, "train_accuracy_pixelclass_0": 0.5282357176551525, "train_accuracy_pixelclass_1": 0.3837238274052221, "train_accuracy_pixelclass_2": 0.43930013079349006, "train_accuracy_pixelclass_3": 0.5292858943418519, "train_accuracy_pixelclass_4": 0.4754487880414104, "train_accuracy_pixelclass_5": 0.5619802880754216, "train_accuracy_pixelclass_6": 0.6003040160424146, "train_accuracy_pixelclass_7": 0.8807851712236499, "_timestamp": 1691977276.1436362, "validation_loss": 1.4485725164413452, "validation_average_accuracy": 0.33588986033444246, "validation_accuracy_pixelclass_0": 0.20001119735703937, "validation_accuracy_pixelclass_1": 0.3146628838850478, "validation_accuracy_pixelclass_2": 0.012916201599238113, "validation_accuracy_pixelclass_3": 0.08959228688853914, "validation_accuracy_pixelclass_4": 0.5399753465319304, "validation_accuracy_pixelclass_5": 0.48750114850598153, "validation_accuracy_pixelclass_6": 0.1473090992854683, "validation_accuracy_pixelclass_7": 0.8951507186222953, "_runtime": 10429.481848239899, "_step": 2, "_wandb": {"runtime": 10428}}