{"train_loss": 0.9971196055412292, "train_average_accuracy": 0.5461353852667818, "train_accuracy_pixelclass_0": 0.5170318225570759, "train_accuracy_pixelclass_1": 0.37628990641300264, "train_accuracy_pixelclass_2": 0.41962677337563187, "train_accuracy_pixelclass_3": 0.5320672594741039, "train_accuracy_pixelclass_4": 0.4693745394508592, "train_accuracy_pixelclass_5": 0.5583044353257225, "train_accuracy_pixelclass_6": 0.6152954968838413, "train_accuracy_pixelclass_7": 0.8810928486540173, "_timestamp": 1692271696.4596388, "validation_loss": 1.436232089996338, "validation_average_accuracy": 0.34140548214465494, "validation_accuracy_pixelclass_0": 0.23932841346469944, "validation_accuracy_pixelclass_1": 0.23194633497604086, "validation_accuracy_pixelclass_2": 0.012548019576793558, "validation_accuracy_pixelclass_3": 0.12767351486203535, "validation_accuracy_pixelclass_4": 0.5452238930632426, "validation_accuracy_pixelclass_5": 0.5089787242574761, "validation_accuracy_pixelclass_6": 0.17034426096978797, "validation_accuracy_pixelclass_7": 0.895200695987164, "_runtime": 10242.239909887314, "_step": 2, "_wandb": {"runtime": 10241}}